{
  "Total" : {
    "transaction" : "Total",
    "sampleCount" : 180,
    "errorCount" : 0,
    "errorPct" : 0.0,
    "meanResTime" : 193.28888888888878,
    "medianResTime" : 196.5,
    "minResTime" : 76.0,
    "maxResTime" : 2449.0,
    "pct1ResTime" : 214.0,
    "pct2ResTime" : 243.1499999999998,
    "pct3ResTime" : 1576.6299999999976,
    "throughput" : 1.3383795198191701,
    "receivedKBytesPerSec" : 8.10903180789049,
    "sentKBytesPerSec" : 1.1410208210958352
  },
  "Landing_Page" : {
    "transaction" : "Landing_Page",
    "sampleCount" : 60,
    "errorCount" : 0,
    "errorPct" : 0.0,
    "meanResTime" : 232.79999999999998,
    "medianResTime" : 199.5,
    "minResTime" : 76.0,
    "maxResTime" : 2449.0,
    "pct1ResTime" : 218.8,
    "pct2ResTime" : 365.59999999999945,
    "pct3ResTime" : 2449.0,
    "throughput" : 0.4612971676353907,
    "receivedKBytesPerSec" : 2.9720781869868067,
    "sentKBytesPerSec" : 0.388318514161823
  },
  "Home" : {
    "transaction" : "Home",
    "sampleCount" : 60,
    "errorCount" : 0,
    "errorPct" : 0.0,
    "meanResTime" : 178.14999999999995,
    "medianResTime" : 195.5,
    "minResTime" : 77.0,
    "maxResTime" : 372.0,
    "pct1ResTime" : 211.0,
    "pct2ResTime" : 338.64999999999947,
    "pct3ResTime" : 372.0,
    "throughput" : 0.46949091535078796,
    "receivedKBytesPerSec" : 2.8000425965195075,
    "sentKBytesPerSec" : 0.40301026815756114
  },
  "Cart" : {
    "transaction" : "Cart",
    "sampleCount" : 60,
    "errorCount" : 0,
    "errorPct" : 0.0,
    "meanResTime" : 168.91666666666666,
    "medianResTime" : 197.0,
    "minResTime" : 77.0,
    "maxResTime" : 364.0,
    "pct1ResTime" : 212.9,
    "pct2ResTime" : 215.95,
    "pct3ResTime" : 364.0,
    "throughput" : 0.46945785442111937,
    "receivedKBytesPerSec" : 2.708612888965393,
    "sentKBytesPerSec" : 0.4025234337712332
  }
}