{
  "Total" : {
    "transaction" : "Total",
    "sampleCount" : 60,
    "errorCount" : 0,
    "errorPct" : 0.0,
    "meanResTime" : 263.81666666666666,
    "medianResTime" : 250.0,
    "minResTime" : 99.0,
    "maxResTime" : 1033.0,
    "pct1ResTime" : 281.7,
    "pct2ResTime" : 521.8499999999999,
    "pct3ResTime" : 1033.0,
    "throughput" : 0.44766431145498364,
    "receivedKBytesPerSec" : 3.6441652785964234,
    "sentKBytesPerSec" : 0.38165131240253974
  },
  "Landing_Page" : {
    "transaction" : "Landing_Page",
    "sampleCount" : 20,
    "errorCount" : 0,
    "errorPct" : 0.0,
    "meanResTime" : 318.59999999999997,
    "medianResTime" : 266.5,
    "minResTime" : 144.0,
    "maxResTime" : 1033.0,
    "pct1ResTime" : 539.6000000000001,
    "pct2ResTime" : 1008.5499999999997,
    "pct3ResTime" : 1033.0,
    "throughput" : 0.15435671837616732,
    "receivedKBytesPerSec" : 2.107104870919194,
    "sentKBytesPerSec" : 0.12993700316431273
  },
  "Home" : {
    "transaction" : "Home",
    "sampleCount" : 20,
    "errorCount" : 0,
    "errorPct" : 0.0,
    "meanResTime" : 219.00000000000003,
    "medianResTime" : 233.0,
    "minResTime" : 124.0,
    "maxResTime" : 282.0,
    "pct1ResTime" : 276.0,
    "pct2ResTime" : 281.7,
    "pct3ResTime" : 282.0,
    "throughput" : 0.15533377344569144,
    "receivedKBytesPerSec" : 0.7824938837326706,
    "sentKBytesPerSec" : 0.13333826841676052
  },
  "Cart" : {
    "transaction" : "Cart",
    "sampleCount" : 20,
    "errorCount" : 0,
    "errorPct" : 0.0,
    "meanResTime" : 253.85,
    "medianResTime" : 248.0,
    "minResTime" : 99.0,
    "maxResTime" : 523.0,
    "pct1ResTime" : 278.7,
    "pct2ResTime" : 510.79999999999984,
    "pct3ResTime" : 523.0,
    "throughput" : 0.15539532570860268,
    "receivedKBytesPerSec" : 0.8908522656638488,
    "sentKBytesPerSec" : 0.1332393515353058
  }
}